{"cameraMode":{"drawMode":0,"name":"Shaded","section":"Shading Mode"},"sceneLighting":true,"audioPlay":false,"sceneViewState":{"m_AlwaysRefresh":false,"showFog":true,"showSkybox":true,"showFlares":true,"showImageEffects":true,"showParticleSystems":true,"showVisualEffectGraphs":true,"m_FxEnabled":true},"in2DMode":false,"pivot":{"x":-0.242163747549057,"y":6.889914512634277,"z":-0.13554906845092774},"rotation":{"x":-0.06174149364233017,"y":0.030534863471984865,"z":-0.0018890417413786054,"w":-0.9976264238357544},"size":3.3073947429656984,"orthographic":false}